Degree,Lambda,CV Train RMSE,CV Test RMSE
0,0.0,0.9987147141564051,0.978490558371295
0,9.357622968840175e-14,0.9987147141564051,0.978490558371295
0,6.914400106940203e-13,0.9987147141564051,0.978490558371295
0,5.109089028063325e-12,0.9987147141564051,0.978490558371295
0,3.775134544279098e-11,0.9987147141564051,0.978490558371295
0,2.7894680928689246e-10,0.9987147141564051,0.978490558371295
0,2.061153622438558e-09,0.9987147141564051,0.978490558371295
0,1.522997974471263e-08,0.9987147141564051,0.978490558371295
0,1.1253517471925912e-07,0.9987147141564051,0.978490558371295
0,8.315287191035679e-07,0.9987147141564051,0.978490558371295
0,6.14421235332821e-06,0.9987147141564051,0.978490558371295
0,4.5399929762484854e-05,0.9987147141564051,0.978490558371295
0,0.00033546262790251185,0.9987147141564051,0.978490558371295
0,0.0024787521766663585,0.9987147141564051,0.978490558371295
0,0.01831563888873418,0.9987147141564051,0.978490558371295
0,0.1353352832366127,0.9987147141564051,0.978490558371295
0,1.0,0.9987147141564051,0.978490558371295
0,7.38905609893065,0.9987147141564051,0.978490558371295
0,54.598150033144236,0.9987147141564051,0.978490558371295
0,403.4287934927351,0.9987147141564051,0.978490558371295
0,2980.9579870417283,0.9987147141564051,0.978490558371295
0,22026.465794806718,0.9987147141564051,0.978490558371295
1,0.0,0.93680535978124,0.8997886963360585
1,9.357622968840175e-14,0.93680535978124,0.8997886963360585
1,6.914400106940203e-13,0.93680535978124,0.8997886963360586
1,5.109089028063325e-12,0.93680535978124,0.8997886963360598
1,3.775134544279098e-11,0.93680535978124,0.8997886963360688
1,2.7894680928689246e-10,0.93680535978124,0.8997886963361345
1,2.061153622438558e-09,0.93680535978124,0.8997886963366191
1,1.522997974471263e-08,0.93680535978124,0.8997886963402012
1,1.1253517471925912e-07,0.93680535978124,0.8997886963666684
1,8.315287191035679e-07,0.93680535978124,0.8997886965622367
1,6.14421235332821e-06,0.9368053597812404,0.899788698007303
1,4.5399929762484854e-05,0.9368053597812694,0.8997887086849993
1,0.00033546262790251185,0.9368053597828475,0.8997887875842595
1,0.0024787521766663585,0.9368053598690061,0.8997893706387873
1,0.01831563888873418,0.9368053645708394,0.8997936823241068
1,0.1353352832366127,0.9368056203717167,0.8998257296680895
1,1.0,0.9368192271640384,0.900072404604094
1,7.38905609893065,0.9374375966080074,0.9023022702845437
1,54.598150033144236,0.9496257329951133,0.9213597093074805
1,403.4287934927351,0.9827248780058827,0.9609066371176724
1,2980.9579870417283,0.9961045698028688,0.9756579544029949
1,22026.465794806718,0.9983515873711597,0.9780972538858986
2,0.0,0.9163673238519938,0.9227929499107742
2,9.357622968840175e-14,0.9163673238519937,0.9227929499107742
2,6.914400106940203e-13,0.9163673238519937,0.9227929499107735
2,5.109089028063325e-12,0.9163673238519938,0.9227929499107702
2,3.775134544279098e-11,0.9163673238519938,0.9227929499107442
2,2.7894680928689246e-10,0.9163673238519937,0.9227929499105532
2,2.061153622438558e-09,0.9163673238519938,0.9227929499091406
2,1.522997974471263e-08,0.9163673238519937,0.9227929498987041
2,1.1253517471925912e-07,0.9163673238519938,0.9227929498215871
2,8.315287191035679e-07,0.9163673238519937,0.9227929492517676
2,6.14421235332821e-06,0.9163673238519947,0.9227929450413367
2,4.5399929762484854e-05,0.9163673238520408,0.9227929139303073
2,0.00033546262790251185,0.91636732385455,0.9227926840534278
2,0.0024787521766663585,0.9163673239915479,0.9227909857130158
2,0.01831563888873418,0.9163673314672582,0.9227784492809589
2,0.1353352832366127,0.9163677379722234,0.9226865075079872
2,1.0,0.9163892816589181,0.9220437507338879
2,7.38905609893065,0.9173457912083777,0.9189200264344826
2,54.598150033144236,0.9347740739408074,0.9245086338470051
2,403.4287934927351,0.9784439844117326,0.9602960124181164
2,2980.9579870417283,0.9954300306942058,0.9755150280452675
2,22026.465794806718,0.9982582560120036,0.9780765539704966
3,0.0,0.8682597512038294,0.8698939995744084
3,9.357622968840175e-14,0.8682597512038294,0.869893999574408
3,6.914400106940203e-13,0.8682597512038294,0.8698939995744065
3,5.109089028063325e-12,0.8682597512038295,0.8698939995743934
3,3.775134544279098e-11,0.8682597512038294,0.8698939995742981
3,2.7894680928689246e-10,0.8682597512038294,0.869893999573593
3,2.061153622438558e-09,0.8682597512038294,0.8698939995683838
3,1.522997974471263e-08,0.8682597512038294,0.8698939995298919
3,1.1253517471925912e-07,0.8682597512038294,0.8698939992454728
3,8.315287191035679e-07,0.8682597512038296,0.8698939971438859
3,6.14421235332821e-06,0.86825975120384,0.8698939816151624
3,4.5399929762484854e-05,0.8682597512044024,0.8698938668736762
3,0.00033546262790251185,0.8682597512351071,0.8698930191036092
3,0.0024787521766663585,0.8682597529106594,0.8698867582236871
3,0.01831563888873418,0.8682598440427477,0.869840678011101
3,0.1353352832366127,0.8682646818762154,0.8695098714554453
3,1.0,0.8684818625600027,0.8675104085289161
3,7.38905609893065,0.8726986142243263,0.8623338082526611
3,54.598150033144236,0.8898818819035968,0.8622198538856751
3,403.4287934927351,0.9340970081727434,0.9055624854174545
3,2980.9579870417283,0.9831300541983955,0.9613692227830607
3,22026.465794806718,0.996370126760436,0.9759339621599702
4,0.0,0.8412899739938152,0.8779539565769962
4,9.357622968840175e-14,0.8412899739938152,0.8779539565769939
4,6.914400106940203e-13,0.8412899739938152,0.877953956576981
4,5.109089028063325e-12,0.8412899739938151,0.8779539565768829
4,3.775134544279098e-11,0.8412899739938151,0.8779539565761619
4,2.7894680928689246e-10,0.8412899739938152,0.8779539565708315
4,2.061153622438558e-09,0.8412899739938152,0.8779539565314464
4,1.522997974471263e-08,0.8412899739938152,0.877953956240427
4,1.1253517471925912e-07,0.8412899739938154,0.8779539540900694
4,8.315287191035679e-07,0.8412899739938182,0.8779539382009626
4,6.14421235332821e-06,0.8412899739939764,0.8779538207958262
4,4.5399929762484854e-05,0.8412899740026112,0.8779529533027296
4,0.00033546262790251185,0.8412899744739786,0.877946544441606
4,0.0024787521766663585,0.8412900001749991,0.87789924867673
4,0.01831563888873418,0.8412913894959956,0.8775530103446522
4,0.1353352832366127,0.841361968570686,0.8751615198450717
4,1.0,0.8437847439552026,0.8638342935372707
4,7.38905609893065,0.8641693670995213,0.855333458621725
4,54.598150033144236,0.8907494237945762,0.8720862331429182
4,403.4287934927351,0.9300060397837915,0.9111575746702698
4,2980.9579870417283,0.9813565023874774,0.9617478593574983
4,22026.465794806718,0.996075837851314,0.9759560663359342
5,0.0,0.7559676695004329,0.8070023681185713
5,9.357622968840175e-14,0.7559676695004329,0.8070023681185651
5,6.914400106940203e-13,0.7559676695004329,0.8070023681185093
5,5.109089028063325e-12,0.7559676695004329,0.8070023681180801
5,3.775134544279098e-11,0.7559676695004329,0.8070023681149516
5,2.7894680928689246e-10,0.7559676695004329,0.8070023680917884
5,2.061153622438558e-09,0.7559676695004329,0.8070023679206577
5,1.522997974471263e-08,0.7559676695004329,0.8070023666561541
5,1.1253517471925912e-07,0.7559676695004344,0.8070023573126726
5,8.315287191035679e-07,0.7559676695005146,0.8070022882732989
5,6.14421235332821e-06,0.7559676695048978,0.8070017781449282
5,4.5399929762484854e-05,0.7559676697441974,0.8069980091832628
5,0.00033546262790251185,0.755967682802077,0.8069701822414759
5,0.0024787521766663585,0.7559683927505976,0.806765771193159
5,0.01831563888873418,0.7560059797864495,0.8053193830151965
5,0.1353352832366127,0.7576616607297674,0.7975381737683592
5,1.0,0.7865953176596334,0.7969385307023846
5,7.38905609893065,0.8591495632335476,0.8493122084469183
5,54.598150033144236,0.8926978935561016,0.8725306646259038
5,403.4287934927351,0.9063276925744806,0.8739927240795935
5,2980.9579870417283,0.9501716708943783,0.9227044777820087
5,22026.465794806718,0.9886024012082429,0.967242388333894
6,0.0,0.7006025352967667,0.802601356738338
6,9.357622968840175e-14,0.7006025352967669,0.8026013567383211
6,6.914400106940203e-13,0.7006025352967669,0.8026013567381679
6,5.109089028063325e-12,0.7006025352967669,0.8026013567369428
6,3.775134544279098e-11,0.7006025352967669,0.8026013567280348
6,2.7894680928689246e-10,0.7006025352967669,0.8026013566621146
6,2.061153622438558e-09,0.7006025352967669,0.8026013561751101
6,1.522997974471263e-08,0.700602535296767,0.8026013525765388
6,1.1253517471925912e-07,0.700602535296777,0.802601325986496
6,8.315287191035679e-07,0.7006025352973206,0.8026011295120692
6,6.14421235332821e-06,0.7006025353270022,0.8025996777972485
6,4.5399929762484854e-05,0.7006025369472414,0.8025889534929352
6,0.00033546262790251185,0.7006026252790938,0.8025098472079407
6,0.0024787521766663585,0.700607395993492,0.8019326904194441
6,0.01831563888873418,0.7008482496679718,0.7980427673208111
6,0.1353352832366127,0.708860076026881,0.7824460716983944
6,1.0,0.7746157483846455,0.7919835873234016
6,7.38905609893065,0.8589699818191493,0.8536447149451535
6,54.598150033144236,0.8920269000310919,0.872897433972561
6,403.4287934927351,0.9061839781439485,0.8820353177931093
6,2980.9579870417283,0.9470537635058065,0.9269360327872472
6,22026.465794806718,0.987435828348997,0.967567877873022
7,0.0,0.5979695777533883,0.6676356489681621
7,9.357622968840175e-14,0.5979695777533884,0.6676356489681906
7,6.914400106940203e-13,0.5979695777533884,0.6676356489681314
7,5.109089028063325e-12,0.5979695777533884,0.6676356489674314
7,3.775134544279098e-11,0.5979695777533884,0.6676356489625115
7,2.7894680928689246e-10,0.5979695777533884,0.6676356489267753
7,2.061153622438558e-09,0.5979695777533885,0.6676356486629365
7,1.522997974471263e-08,0.597969577753392,0.6676356467123244
7,1.1253517471925912e-07,0.5979695777535848,0.6676356322992048
7,8.315287191035679e-07,0.5979695777641215,0.6676355258094196
7,6.14421235332821e-06,0.5979695783393447,0.6676347394585244
7,4.5399929762484854e-05,0.5979696097238417,0.66762895677243
7,0.00033546262790251185,0.5979713145730318,0.6675877325005075
7,0.0024787521766663585,0.5980609964261214,0.6673620054194912
7,0.01831563888873418,0.6018460154955485,0.6689501015299789
7,0.1353352832366127,0.6579705399150536,0.717059843045599
7,1.0,0.77878838625994,0.8207782522102636
7,7.38905609893065,0.8472709783910538,0.8527181476885125
7,54.598150033144236,0.8881681810035172,0.870466102517181
7,403.4287934927351,0.9096070080847826,0.8837187078609179
7,2980.9579870417283,0.9234457609224198,0.8889877487078878
7,22026.465794806718,0.96405385499458,0.938287816456587
8,0.0,0.4621434735734722,0.5666732163064959
8,9.357622968840175e-14,0.46214347357347235,0.56667321630663
8,6.914400106940203e-13,0.4621434735734724,0.5666732163020775
8,5.109089028063325e-12,0.46214347357347224,0.5666732162698167
8,3.775134544279098e-11,0.4621434735734724,0.5666732160294508
8,2.7894680928689246e-10,0.46214347357347224,0.5666732142547045
8,2.061153622438558e-09,0.46214347357347313,0.5666732011402371
8,1.522997974471263e-08,0.46214347357351065,0.5666731042381713
8,1.1253517471925912e-07,0.4621434735755568,0.5666723882264456
8,8.315287191035679e-07,0.46214347368727227,0.5666670977950027
8,6.14421235332821e-06,0.4621434797851878,0.5666280183782434
8,4.5399929762484854e-05,0.4621438120986235,0.5663399060409579
8,0.00033546262790251185,0.4621617078045141,0.5642460121946834
8,0.0024787521766663585,0.4630463478661229,0.5505429754531488
8,0.01831563888873418,0.48890968980488997,0.5105510769519576
8,0.1353352832366127,0.6385302183974708,0.6931967191932582
8,1.0,0.7770471339040715,0.8499593360814389
8,7.38905609893065,0.8465040931745471,0.8610632357115389
8,54.598150033144236,0.8872331900575979,0.8712657161046571
8,403.4287934927351,0.9096900662969799,0.8850924390984559
8,2980.9579870417283,0.9228170899207592,0.8977240625564827
8,22026.465794806718,0.9614780887225717,0.9420035257680568
9,0.0,0.4464522229170172,0.5675888286718032
9,9.357622968840175e-14,0.4464522229170175,0.5675888286719971
9,6.914400106940203e-13,0.4464522229170174,0.5675888286674605
9,5.109089028063325e-12,0.44645222291701736,0.5675888286352756
9,3.775134544279098e-11,0.44645222291701714,0.5675888283990184
9,2.7894680928689246e-10,0.44645222291701764,0.5675888266680905
9,2.061153622438558e-09,0.44645222291701975,0.5675888138752322
9,1.522997974471263e-08,0.44645222291715,0.5675887193281212
9,1.1253517471925912e-07,0.4464522229242449,0.5675880207215679
9,8.315287191035679e-07,0.4464522233115756,0.5675828590816078
9,6.14421235332821e-06,0.446452244444854,0.5675447413898812
9,4.5399929762484854e-05,0.44645339255407596,0.567264282212684
9,0.00033546262790251185,0.4465138408721551,0.5652556531787448
9,0.0024787521766663585,0.44909331738251557,0.553372842529739
9,0.01831563888873418,0.4926300979489602,0.535968028525986
9,0.1353352832366127,0.623677483848459,0.6432038450539291
9,1.0,0.7466804661880797,0.7932839256487328
9,7.38905609893065,0.8474598746246661,0.8800754516250904
9,54.598150033144236,0.8834385082262212,0.881657744817076
9,403.4287934927351,0.9077970238871043,0.8852303822363897
9,2980.9579870417283,0.9246262720462078,0.8957342137645649
9,22026.465794806718,0.9369173005403352,0.9021402636994532
10,0.0,0.42625275729881085,0.48741259084540306
10,9.357622968840175e-14,0.4262527572988106,0.4874125908580605
10,6.914400106940203e-13,0.4262527572988108,0.4874125908742313
10,5.109089028063325e-12,0.42625275729881046,0.48741259099480544
10,3.775134544279098e-11,0.42625275729881057,0.48741259196064807
10,2.7894680928689246e-10,0.42625275729881135,0.4874125990632368
10,2.061153622438558e-09,0.42625275729883,0.4874126515564736
10,1.522997974471263e-08,0.4262527572998566,0.48741303942070724
10,1.1253517471925912e-07,0.426252757355915,0.4874159053598266
10,8.315287191035679e-07,0.42625276041565946,0.48743708176674505
10,6.14421235332821e-06,0.4262529270945095,0.48759354645895514
10,4.5399929762484854e-05,0.42626187725984294,0.4887488334164661
10,0.00033546262790251185,0.426695771496249,0.49714084778721607
10,0.0024787521766663585,0.4383599279582426,0.5447467764400686
10,0.01831563888873418,0.5002648892261627,0.6358561635716933
10,0.1353352832366127,0.579411420079509,0.638516967546554
10,1.0,0.7324772154473228,0.7662387520991926
10,7.38905609893065,0.8471371097734144,0.8952178079793512
10,54.598150033144236,0.8831849897125522,0.8844119793205417
10,403.4287934927351,0.906104596797841,0.8833050285178407
10,2980.9579870417283,0.9248018544100054,0.8975266535254436
10,22026.465794806718,0.936180779465373,0.9119211263841364
11,0.0,0.4089624314248816,0.5971162635060351
11,9.357622968840175e-14,0.40896243142488137,0.5971162634006292
11,6.914400106940203e-13,0.4089624314248819,0.5971162633273697
11,5.109089028063325e-12,0.4089624314248817,0.5971162631067144
11,3.775134544279098e-11,0.4089624314248816,0.5971162607026951
11,2.7894680928689246e-10,0.40896243142488303,0.5971162424421449
11,2.061153622438558e-09,0.40896243142498084,0.5971161079927568
11,1.522997974471263e-08,0.40896243143029537,0.5971151152693576
11,1.1253517471925912e-07,0.40896243172043456,0.5971077810535813
11,8.315287191035679e-07,0.408962447547545,0.5970536588540984
11,6.14421235332821e-06,0.40896330607312253,0.5966575584072858
11,4.5399929762484854e-05,0.4090080132515286,0.5939294267471761
11,0.00033546262790251185,0.41079191978650287,0.5817134930513853
11,0.0024787521766663585,0.435344646143212,0.593088441927501
11,0.01831563888873418,0.4966086110909726,0.6626774240908119
11,0.1353352832366127,0.5799887870229596,0.6758616257014434
11,1.0,0.7218694566028558,0.7309498336231477
11,7.38905609893065,0.8330143524745829,0.8555725047403963
11,54.598150033144236,0.883991045313473,0.901735204760024
11,403.4287934927351,0.9021713103613725,0.8917004703578888
11,2980.9579870417283,0.9248402984007157,0.8990527520368663
11,22026.465794806718,0.9356629967306235,0.9048261557560259
12,0.0,0.3556602083487319,0.4636206791810578
12,9.357622968840175e-14,0.3556602083487277,0.4636206785651755
12,6.914400106940203e-13,0.3556602083487273,0.46362067839122295
12,5.109089028063325e-12,0.35566020834872897,0.4636206778392477
12,3.775134544279098e-11,0.35566020834872925,0.4636206694875451
12,2.7894680928689246e-10,0.35566020834874096,0.46362061080684785
12,2.061153622438558e-09,0.3556602083491887,0.4636201744239468
12,1.522997974471263e-08,0.3556602083738299,0.46361695070869247
12,1.1253517471925912e-07,0.35566020971864204,0.46359314108307714
12,8.315287191035679e-07,0.3556602829483477,0.46341772318140245
12,6.14421235332821e-06,0.3556642041043702,0.4621491698936479
12,4.5399929762484854e-05,0.3558508843117028,0.4541042605454959
12,0.00033546262790251185,0.36060991404157994,0.42783054041191226
12,0.0024787521766663585,0.38780548749483673,0.4127936437274529
12,0.01831563888873418,0.4426365283287781,0.5045136119152793
12,0.1353352832366127,0.5832999055875775,0.7380925875372024
12,1.0,0.7092453489601819,0.7694228516766919
12,7.38905609893065,0.8298417884912306,0.8478035543677779
12,54.598150033144236,0.8836206623083163,0.9061631800678289
12,403.4287934927351,0.9002542508418622,0.8872354512443476
12,2980.9579870417283,0.9229470620298397,0.896312345040876
12,22026.465794806718,0.9358487069070877,0.9070721845728538
13,0.0,0.29642267355435487,0.7658903478948972
13,9.357622968840175e-14,0.2964226735543486,0.7658903264852849
13,6.914400106940203e-13,0.2964226735543476,0.7658903314792935
13,5.109089028063325e-12,0.29642267355434443,0.7658903232730156
13,3.775134544279098e-11,0.2964226735543569,0.7658902078785884
13,2.7894680928689246e-10,0.29642267355472135,0.7658893950106477
13,2.061153622438558e-09,0.29642267357417,0.765883393931667
13,1.522997974471263e-08,0.2964226746354032,0.7658390976579841
13,1.1253517471925912e-07,0.29642273249038137,0.7655120934097503
13,8.315287191035679e-07,0.2964258593431696,0.7631144713392802
13,6.14421235332821e-06,0.2965844518103256,0.746353634432331
13,4.5399929762484854e-05,0.3019200843066528,0.6585091996432968
13,0.00033546262790251185,0.3425742150835474,0.48501678308095775
13,0.0024787521766663585,0.3881193914118941,0.42467316347051076
13,0.01831563888873418,0.4442188949495398,0.5206887227377869
13,0.1353352832366127,0.5754203061031661,0.7481089664962735
13,1.0,0.711050722965351,0.8212296270698195
13,7.38905609893065,0.8209793533385111,0.8236520619756232
13,54.598150033144236,0.8767602306587478,0.8797014378008591
13,403.4287934927351,0.9014603299858949,0.9098015879858896
13,2980.9579870417283,0.9182867559292444,0.8984006495806467
13,22026.465794806718,0.9369587180177854,0.909456071977128
14,0.0,0.24284889765023923,0.7101314516439353
14,9.357622968840175e-14,0.24284889765024084,0.7101314232520588
14,6.914400106940203e-13,0.2428488976502355,0.7101314634599486
14,5.109089028063325e-12,0.24284889765023557,0.7101314416508435
14,3.775134544279098e-11,0.24284889765029724,0.7101313259933364
14,2.7894680928689246e-10,0.24284889765293005,0.7101303867516929
14,2.061153622438558e-09,0.24284889779554172,0.7101236191540101
14,1.522997974471263e-08,0.24284890556682567,0.710073672268745
14,1.1253517471925912e-07,0.2428493283023694,0.7097050239132107
14,8.315287191035679e-07,0.24287184670194076,0.7070064370388914
14,6.14421235332821e-06,0.24390517848966978,0.6883760749749831
14,4.5399929762484854e-05,0.26548803121293124,0.6003570594752089
14,0.00033546262790251185,0.34110142851351427,0.5363546753735139
14,0.0024787521766663585,0.3886124297149829,0.5435280669552595
14,0.01831563888873418,0.4231305731011927,0.5276372406810989
14,0.1353352832366127,0.5249786240733326,0.5628852288748897
14,1.0,0.710398777322569,0.8710671380568517
14,7.38905609893065,0.8191796165676396,0.8526022988094658
14,54.598150033144236,0.8764763295241315,0.8801864616357982
14,403.4287934927351,0.9010623104413757,0.909536057111823
14,2980.9579870417283,0.9153300342171652,0.8911748959768837
14,22026.465794806718,0.935299049074452,0.907364867008705
15,0.0,0.16539824357946728,0.3969072442515485
15,9.357622968840175e-14,0.1653982435795423,0.3969067291503639
15,6.914400106940203e-13,0.16539824357952135,0.3969065585427036
15,5.109089028063325e-12,0.1653982435795782,0.39690663651940733
15,3.775134544279098e-11,0.16539824358069263,0.3969038202712085
15,2.7894680928689246e-10,0.16539824363601222,0.39688461489574167
15,2.061153622438558e-09,0.16539824660170274,0.39674252601709287
15,1.522997974471263e-08,0.1653984079722132,0.39569411018613976
15,1.1253517471925912e-07,0.16540710837557013,0.388040760227288
15,8.315287191035679e-07,0.16584137084113032,0.3362708503284872
15,6.14421235332821e-06,0.17907481378192133,0.26206451398312347
15,4.5399929762484854e-05,0.2586678027745411,0.7175001583375771
15,0.00033546262790251185,0.3344710588924285,0.8415170194451836
15,0.0024787521766663585,0.3796838622822131,0.7051231803117114
15,0.01831563888873418,0.4222248674852958,0.5870907465309032
15,0.1353352832366127,0.5279666025374726,0.5393654445905934
15,1.0,0.6993046558825364,0.861269301748881
15,7.38905609893065,0.8208812353087414,0.9171390145864794
15,54.598150033144236,0.8702470468665638,0.8691977929749655
15,403.4287934927351,0.8982537925247328,0.8992306134304036
15,2980.9579870417283,0.9151497062154892,0.9131590621734439
15,22026.465794806718,0.9312320552288131,0.9044938249753494
16,0.0,0.1618359119194624,0.5564292217721463
16,9.357622968840175e-14,0.1618359119200062,0.5564294902187377
16,6.914400106940203e-13,0.1618359119199019,0.556430922196768
16,5.109089028063325e-12,0.16183591192005117,0.5564305173096352
16,3.775134544279098e-11,0.16183591192231353,0.5564269109859207
16,2.7894680928689246e-10,0.16183591205192863,0.5563975272545449
16,2.061153622438558e-09,0.16183591917759232,0.5561917484348358
16,1.522997974471263e-08,0.1618363068497009,0.5546721217765848
16,1.1253517471925912e-07,0.16185688321493252,0.543634159382692
16,8.315287191035679e-07,0.16278274468343482,0.47135338176378655
16,6.14421235332821e-06,0.18176317400595596,0.23897011865285234
16,4.5399929762484854e-05,0.2527632349261241,0.6802207033456079
16,0.00033546262790251185,0.30378673296231357,0.7502710962928774
16,0.0024787521766663585,0.36079705699070735,0.5973486352513807
16,0.01831563888873418,0.42307623146436946,0.6992506035859867
16,0.1353352832366127,0.5176539291993683,0.7129773421270406
16,1.0,0.6758312620210237,0.7510712302676308
16,7.38905609893065,0.8196383632052381,0.9566369461013774
16,54.598150033144236,0.8701133149465327,0.8796021804724415
16,403.4287934927351,0.8983603449483404,0.9034900751603824
16,2980.9579870417283,0.91467671919573,0.909978408085816
16,22026.465794806718,0.9278584359274324,0.900071416456465
17,0.0,0.14129198081640273,0.3729189320912775
17,9.357622968840175e-14,0.14129198085376768,0.37292740358468834
17,6.914400106940203e-13,0.14129198085507128,0.3729015963949338
17,5.109089028063325e-12,0.14129198084843483,0.3729243663263783
17,3.775134544279098e-11,0.14129198089921122,0.37287915293180185
17,2.7894680928689246e-10,0.1412919832776797,0.37263835359824937
17,2.061153622438558e-09,0.14129210912167786,0.3708362192937338
17,1.522997974471263e-08,0.14129885822618934,0.357659648819557
17,1.1253517471925912e-07,0.14162492885609182,0.27050261966463535
17,8.315287191035679e-07,0.15014087736343498,0.39154556571505345
17,6.14421235332821e-06,0.18888988767472145,0.7127946186515736
17,4.5399929762484854e-05,0.22339592750607395,0.49237028366615915
17,0.00033546262790251185,0.28840777048549066,0.6994930465754691
17,0.0024787521766663585,0.359949875171703,0.9084283890074638
17,0.01831563888873418,0.42218228607486835,0.9089879155191896
17,0.1353352832366127,0.5151841128731165,0.8399058231953932
17,1.0,0.6747646979925382,0.6880528458790601
17,7.38905609893065,0.8128614652703393,0.9511559542274747
17,54.598150033144236,0.8711600677868782,0.9522865927725864
17,403.4287934927351,0.8923511178508513,0.8873789258340233
17,2980.9579870417283,0.9147580829815928,0.9177448063859162
17,22026.465794806718,0.9256604948839767,0.9114821879817038
18,0.0,0.1407937662155827,0.6377179162612947
18,9.357622968840175e-14,0.14079376627641224,0.6377493553163953
18,6.914400106940203e-13,0.14079376627038157,0.63769596170034
18,5.109089028063325e-12,0.14079376626872264,0.6377386678556496
18,3.775134544279098e-11,0.1407937663148043,0.6376860245078421
18,2.7894680928689246e-10,0.14079376934347945,0.637182101153953
18,2.061153622438558e-09,0.14079392996734671,0.6339109770215346
18,1.522997974471263e-08,0.14080248724770494,0.6100960670088719
18,1.1253517471925912e-07,0.14119168340809116,0.4617347326533265
18,8.315287191035679e-07,0.149869273149539,0.33334242659157726
18,6.14421235332821e-06,0.18328617813885592,0.7994297006497123
18,4.5399929762484854e-05,0.2169756975507087,0.5476394316633564
18,0.00033546262790251185,0.29155162208477864,0.6473935679358549
18,0.0024787521766663585,0.3471770339734514,0.7447823653315169
18,0.01831563888873418,0.3960701509762992,0.6426948977519443
18,0.1353352832366127,0.5121969646570762,1.0047655046907333
18,1.0,0.6656900749533347,0.8691119011244424
18,7.38905609893065,0.8062387197638669,0.9238341235961678
18,54.598150033144236,0.8697781675053142,0.9735426048106258
18,403.4287934927351,0.8914943792924194,0.8802025512738276
18,2980.9579870417283,0.9149225563914712,0.9237327861583333
18,22026.465794806718,0.9249243813574771,0.9098155428261689
19,0.0,0.13165715191007774,0.7304956462156696
19,9.357622968840175e-14,0.13165717952905834,0.7312100482789341
19,6.914400106940203e-13,0.131657178427369,0.729650178718748
19,5.109089028063325e-12,0.13165717129624072,0.7305735426346468
19,3.775134544279098e-11,0.1316571776719549,0.7297968806939085
19,2.7894680928689246e-10,0.13165727888263154,0.7269752708461029
19,2.061153622438558e-09,0.13166215684104637,0.7047405139518726
19,1.522997974471263e-08,0.13188990571039153,0.5591322311760046
19,1.1253517471925912e-07,0.1367505117707356,0.21780835440298665
19,8.315287191035679e-07,0.152446036785399,0.4634074700333331
19,6.14421235332821e-06,0.16720693553660518,0.3538269745357832
19,4.5399929762484854e-05,0.21988821931657385,1.0842544635359246
19,0.00033546262790251185,0.27812102410794065,0.8412221990762875
19,0.0024787521766663585,0.34007992337151743,0.6407475403510055
19,0.01831563888873418,0.3955901451929922,0.8979115095077659
19,0.1353352832366127,0.511274332056718,1.2607849422498114
19,1.0,0.665642668534845,1.0722057865502308
19,7.38905609893065,0.8007161953783674,0.8125998883193999
19,54.598150033144236,0.8671058812013648,0.9911612731150593
19,403.4287934927351,0.8911876150544863,0.9584250353267622
19,2980.9579870417283,0.9104439889547155,0.905797084581104
19,22026.465794806718,0.9258389963290568,0.9267295452994126
20,0.0,0.12511219207889376,0.4131674652497202
20,9.357622968840175e-14,0.12511243058685212,0.41401250457397215
20,6.914400106940203e-13,0.1251124096566936,0.41133944646844817
20,5.109089028063325e-12,0.12511238736205718,0.4131168085795625
20,3.775134544279098e-11,0.12511234899705928,0.4117036582387666
20,2.7894680928689246e-10,0.1251126508830455,0.4108687022737996
20,2.061153622438558e-09,0.12512992543052706,0.38985649289992325
20,1.522997974471263e-08,0.12581411196417494,0.2552599478689318
20,1.1253517471925912e-07,0.13416206859380206,0.5914974045430687
20,8.315287191035679e-07,0.15201278750533148,0.8783014601528526
20,6.14421235332821e-06,0.16759941165726278,0.2490080499011821
20,4.5399929762484854e-05,0.21546882443033274,1.1047280309293268
20,0.00033546262790251185,0.267584485837078,0.7786737142316785
20,0.0024787521766663585,0.341532988504396,0.5974071556068091
20,0.01831563888873418,0.39397615105846207,0.5301393130889
20,0.1353352832366127,0.48165206042708936,0.9314362771219122
20,1.0,0.6651547080468588,1.396709739795584
20,7.38905609893065,0.7971636366776517,0.8881834615799146
20,54.598150033144236,0.8650326146765829,1.0006635854176136
20,403.4287934927351,0.8895597993263052,0.9602799599568211
20,2980.9579870417283,0.9088920790395614,0.8976035498342867
20,22026.465794806718,0.9260906846927558,0.932665748410873
21,0.0,0.11585883666767903,2.866717231014597
21,9.357622968840175e-14,0.11590137404267953,2.931607472960346
21,6.914400106940203e-13,0.11590577593982389,2.8193027906175256
21,5.109089028063325e-12,0.11589054627734535,2.8483558188492992
21,3.775134544279098e-11,0.11590618467354398,2.825845384307348
21,2.7894680928689246e-10,0.11590887633685724,2.767847118072782
21,2.061153622438558e-09,0.11618434082246554,2.389497103993199
21,1.522997974471263e-08,0.12155037970947631,1.0447354393139936
21,1.1253517471925912e-07,0.1352019868060092,0.23426088028314818
21,8.315287191035679e-07,0.14624778240160757,0.567580664269837
21,6.14421235332821e-06,0.17144657317157672,0.9899416256935615
21,4.5399929762484854e-05,0.2004675236363748,0.26582686783849796
21,0.00033546262790251185,0.2685644555669456,1.417466365086255
21,0.0024787521766663585,0.33346751347388165,1.0889643644769487
21,0.01831563888873418,0.3931054158079746,0.5115042752483333
21,0.1353352832366127,0.4830038179745377,1.1120899016806065
21,1.0,0.6597742138982124,1.7107741005213966
21,7.38905609893065,0.7981003156400363,1.166904072852698
21,54.598150033144236,0.8598059140729314,0.8781323354842622
21,403.4287934927351,0.8896343011448463,1.026189051590745
21,2980.9579870417283,0.9060507764179171,0.9533065739285904
21,22026.465794806718,0.9239143297501018,0.9247219989139236
22,0.0,0.10616240543126243,3.0014043186259483
22,9.357622968840175e-14,0.10665944579408676,3.0311185370638385
22,6.914400106940203e-13,0.10671547147126087,2.806701097633041
22,5.109089028063325e-12,0.1065668576752075,2.791275149458397
22,3.775134544279098e-11,0.1065667860772654,2.857261715043314
22,2.7894680928689246e-10,0.10650038649424799,2.7679106069036163
22,2.061153622438558e-09,0.10760333183612618,2.2703235208419366
22,1.522997974471263e-08,0.11954892652190814,0.966480902602111
22,1.1253517471925912e-07,0.13494992905246334,0.35233772068406854
22,8.315287191035679e-07,0.14567033332110993,0.9242881634116157
22,6.14421235332821e-06,0.17116976053753352,1.57708565796544
22,4.5399929762484854e-05,0.2012090318990317,0.5231098071392039
22,0.00033546262790251185,0.26599476413994827,1.3897592416823796
22,0.0024787521766663585,0.3235332198708965,0.7671246222897262
22,0.01831563888873418,0.39146011100193784,0.6342454650567056
22,0.1353352832366127,0.48150131746394065,0.5810687714237956
22,1.0,0.6418505512255481,1.68832635200459
22,7.38905609893065,0.7974124481992403,1.5293133812100337
22,54.598150033144236,0.8592794491686294,0.8516536703913883
22,403.4287934927351,0.888696037886196,1.055987655251243
22,2980.9579870417283,0.9040293994558345,0.9206572684788045
22,22026.465794806718,0.9221232097966051,0.9255118636679343
23,0.0,0.09860647897727008,2.289583428746955
23,9.357622968840175e-14,0.10090445438476349,0.4406874526717896
23,6.914400106940203e-13,0.10438992145731397,1.7068580993407168
23,5.109089028063325e-12,0.1158883212991917,0.9284675393406804
23,3.775134544279098e-11,0.10082009042475337,1.3525449422740061
23,2.7894680928689246e-10,0.10143319958562318,1.4876825112484557
23,2.061153622438558e-09,0.11200357540632792,2.4512059023843187
23,1.522997974471263e-08,0.11973674475871997,3.230943218591046
23,1.1253517471925912e-07,0.13058588865628432,1.9262737549731763
23,8.315287191035679e-07,0.1472926806673474,0.6565424110876344
23,6.14421235332821e-06,0.16498998488662056,1.359094445495239
23,4.5399929762484854e-05,0.20484215977850528,1.9129990912122035
23,0.00033546262790251185,0.2527393190987389,0.3619900120226547
23,0.0024787521766663585,0.3247519037786568,1.5724942871294623
23,0.01831563888873418,0.3883222621018004,1.4938994837270438
23,0.1353352832366127,0.48092046143535566,0.8852112971239938
23,1.0,0.6415986076652449,1.8493169719130915
23,7.38905609893065,0.7937345011293954,1.9135833985986697
23,54.598150033144236,0.85904228770364,1.1531512017823495
23,403.4287934927351,0.8843969488435599,0.963941322894107
23,2980.9579870417283,0.9050161825722484,1.043182063982213
23,22026.465794806718,0.9181123801264026,0.9520723601002073
24,0.0,0.09610689387469674,7.783848161916534
24,9.357622968840175e-14,0.09727595733795806,0.8465501561648248
24,6.914400106940203e-13,0.10606380645077162,1.2693904752012504
24,5.109089028063325e-12,0.09738016776300142,1.5545013903952523
24,3.775134544279098e-11,0.09752343024212073,1.4868544151793281
24,2.7894680928689246e-10,0.09887744712500784,1.6532164776837313
24,2.061153622438558e-09,0.12228071368895314,2.1612214517394466
24,1.522997974471263e-08,0.11620395433047338,3.2546665798064596
24,1.1253517471925912e-07,0.12663989831328512,1.2727228267850785
24,8.315287191035679e-07,0.14705939700001802,0.5551558917760367
24,6.14421235332821e-06,0.16528261282281895,1.5206092863590033
24,4.5399929762484854e-05,0.20295684311478487,2.632579400904923
24,0.00033546262790251185,0.25258883691713324,0.5994792272643272
24,0.0024787521766663585,0.3238322547009494,1.3877828292094305
24,0.01831563888873418,0.37766597183715495,0.7019601424855871
24,0.1353352832366127,0.47984404224856597,1.4618483456664064
24,1.0,0.6336200161577437,1.1244267444086498
24,7.38905609893065,0.7881281876056482,2.3014669730031083
24,54.598150033144236,0.8584112520711727,1.418435242311806
24,403.4287934927351,0.8844570497685295,0.9882434462374426
24,2980.9579870417283,0.9044908691324932,1.0707240012229162
24,22026.465794806718,0.9154419432919451,0.8922237373724169
25,0.0,0.09468335171193328,3.331399881795812
25,9.357622968840175e-14,0.08775252307080345,12.301876141524154
25,6.914400106940203e-13,0.08774882539008376,8.450790536880772
25,5.109089028063325e-12,0.08804217344054228,4.347547265900565
25,3.775134544279098e-11,0.08851580126511571,4.803424366244012
25,2.7894680928689246e-10,0.09590545383591269,4.1142705283752266
25,2.061153622438558e-09,0.10478901321794169,1.2608569789273534
25,1.522997974471263e-08,0.3413316161005611,3.2885252602390955
25,1.1253517471925912e-07,0.12777929448416034,3.6363571011183655
25,8.315287191035679e-07,0.1430911600336705,1.7636043666023438
25,6.14421235332821e-06,0.16719078741510518,0.7235760066423919
25,4.5399929762484854e-05,0.19658908625999252,2.684324304435508
25,0.00033546262790251185,0.25442307567222305,2.9971894734727527
25,0.0024787521766663585,0.3161762713512657,0.5491261976616617
25,0.01831563888873418,0.37774933474303607,1.5569217674108584
25,0.1353352832366127,0.47966837471787943,2.4616745603162378
25,1.0,0.6346347214235349,0.6744050633677593
25,7.38905609893065,0.7832511636352835,2.4737457428030454
25,54.598150033144236,0.8576731222886522,1.9382981327006785
25,403.4287934927351,0.8821790517594027,1.047931495478822
25,2980.9579870417283,0.9026976763687067,1.063475354799082
25,22026.465794806718,0.9153659574514256,1.0309061354626958
26,0.0,0.09405813174425413,13.107685020249653
26,9.357622968840175e-14,0.08622870980670455,11.178623283414874
26,6.914400106940203e-13,0.08956582165871574,8.185931266461537
26,5.109089028063325e-12,0.08600977177358382,6.644511691509041
26,3.775134544279098e-11,0.0868958667018595,4.418588898482176
26,2.7894680928689246e-10,0.0941824295066987,7.142189001459973
26,2.061153622438558e-09,0.10154223686877738,0.921896324110822
26,1.522997974471263e-08,0.11302708610135687,2.920889088604874
26,1.1253517471925912e-07,0.12764626363030587,3.415283348233539
26,8.315287191035679e-07,0.1410629840618618,0.21095995603180953
26,6.14421235332821e-06,0.16684846340189805,1.5725319370783488
26,4.5399929762484854e-05,0.1973747567837506,3.0027961433268993
26,0.00033546262790251185,0.2501738122992678,3.723706235415117
26,0.0024787521766663585,0.31534466075555184,0.4840435243344863
26,0.01831563888873418,0.37890009320920853,0.6997471258548532
26,0.1353352832366127,0.46383625356880903,1.5113072574849644
26,1.0,0.6365152530105745,1.838196715202029
26,7.38905609893065,0.7783607298162686,2.3320333873452195
26,54.598150033144236,0.8553738975873136,2.4489273147788437
26,403.4287934927351,0.8816351999351234,1.1339646800818874
26,2980.9579870417283,0.902805461817982,1.1569390575578582
26,22026.465794806718,0.9148813417964988,1.0183512392260847
27,0.0,0.1130185434514918,13.346223950713965
27,9.357622968840175e-14,0.08075667098824801,11.593641380327618
27,6.914400106940203e-13,0.08078341098844284,9.431009790008261
27,5.109089028063325e-12,0.08157636523891128,2.599446770072841
27,3.775134544279098e-11,0.08670670227698564,1.4291706775777995
27,2.7894680928689246e-10,0.18956923673988157,628.6576336572764
27,2.061153622438558e-09,0.09761983104926775,17.3676410509248
27,1.522997974471263e-08,0.11386113009744725,8.341776403237144
27,1.1253517471925912e-07,0.12532151367987002,1.401256380431353
27,8.315287191035679e-07,0.14664571516151356,3.546178615911684
27,6.14421235332821e-06,0.16259894090521101,0.7691599164685926
27,4.5399929762484854e-05,0.1984616696921551,0.6186677450401493
27,0.00033546262790251185,0.24590331411535468,4.806875399002013
27,0.0024787521766663585,0.3136105661357866,3.798468017686712
27,0.01831563888873418,0.3776622416951732,1.2988823262367406
27,0.1353352832366127,0.46395678233938403,2.3864317933813406
27,1.0,0.6348156047663115,3.122666011674727
27,7.38905609893065,0.7786395226284145,1.750511843535197
27,54.598150033144236,0.8509194701952354,2.734016535219109
27,403.4287934927351,0.8823173251768611,1.830290167274882
27,2980.9579870417283,0.8989934435156665,0.9314713704329204
27,22026.465794806718,0.9149695216014876,1.1122306871148655
28,0.0,0.12749723218728518,44.53216779710891
28,9.357622968840175e-14,0.08004563463050306,41.63195423928061
28,6.914400106940203e-13,0.08012347299367696,26.383334031030333
28,5.109089028063325e-12,0.08125713777251918,5.602309635356725
28,3.775134544279098e-11,0.0864754185913344,18.600645049011064
28,2.7894680928689246e-10,0.09101995780290563,4.21685839446532
28,2.061153622438558e-09,0.0971473700138956,17.11468783791951
28,1.522997974471263e-08,0.10836622279867027,16.49543736948836
28,1.1253517471925912e-07,0.12304220927917653,0.5559282525612187
28,8.315287191035679e-07,0.14636410343815953,2.274917939064117
28,6.14421235332821e-06,0.16249214351265112,4.188524896903133
28,4.5399929762484854e-05,0.19769860309961237,2.348910877486557
28,0.00033546262790251185,0.24689678454422417,6.146927698799636
28,0.0024787521766663585,0.3087755016299824,3.778653589903245
28,0.01831563888873418,0.3762324289198487,1.3372452851313208
28,0.1353352832366127,0.4638185149201561,0.8859828317560927
28,1.0,0.6241313286865733,3.417316089532177
28,7.38905609893065,0.7787020469720173,0.8901973637437113
28,54.598150033144236,0.8492271057713928,3.124150473699318
28,403.4287934927351,0.8808592593200784,2.293085600923168
28,2980.9579870417283,0.8983887928807395,0.9333785020387618
28,22026.465794806718,0.9151181616059402,1.2251116609968347
